r (cm)/ theta(deg),1.25,2.5,3.75,5,10,15,20,25,30,35,40,45,50,55,60,65,70,75,80,85,90,95,100,105,110,115,120,125,130,135,140,145,150,155,160,165,170,175,176.25,177.5,178.75
0.25,-,-,-,-,0.352361,1.01304,1.00227,0.998405,0.996762,0.996501,0.996591,0.997082,0.99738,0.998012,0.998636,0.999068,0.999546,0.999806,0.999746,1.00002,1,1.00012,0.999829,0.999709,0.999459,0.999069,0.998682,0.998172,0.997533,0.997122,0.996657,0.996593,0.996941,0.998137,1.00225,1.01328,0.352395,-,-,-,-
0.5,-,0.902559,0.903827,0.908327,0.936829,0.957794,0.970034,0.978485,0.983649,0.987423,0.990337,0.992505,0.994596,0.996218,0.997152,0.99814,0.998901,0.999786,1.00004,1.00009,1,0.999994,0.99978,0.999601,0.998953,0.998485,0.996957,0.995966,0.994602,0.992818,0.99065,0.988012,0.983726,0.978779,0.971055,0.958023,0.934435,0.889723,0.238873,-,-
0.75,-,0.88199,0.885471,0.892821,0.929224,0.952248,0.966134,0.975119,0.981126,0.985356,0.989135,0.991477,0.993474,0.995413,0.996444,0.997655,0.99845,0.9991,0.999708,0.999645,1,0.999694,0.999264,0.998982,0.998279,0.997677,0.996494,0.995103,0.994194,0.991522,0.989277,0.985584,0.981269,0.975621,0.966345,0.950925,0.923465,0.862242,0.833233,0.812542,-
1,-,0.876924,0.881114,0.889659,0.928404,0.951703,0.96613,0.97497,0.980797,0.985514,0.988682,0.991576,0.993637,0.995215,0.996649,0.997822,0.998622,0.998988,0.99909,0.999854,1,0.999987,0.99938,0.999473,0.998537,0.99757,0.9966,0.995857,0.993918,0.991849,0.989137,0.985578,0.981438,0.974688,0.965078,0.949349,0.921628,0.858798,0.832374,0.811873,-
1.5,-,0.87888,0.883987,0.893695,0.931301,0.953359,0.966937,0.975843,0.981848,0.986341,0.989663,0.992156,0.994183,0.995696,0.99707,0.998112,0.998718,0.999145,0.999647,0.999737,1,0.999939,0.999749,0.999291,0.998879,0.998122,0.99708,0.996003,0.994146,0.992436,0.98975,0.98648,0.98167,0.975561,0.96602,0.950705,0.923059,0.863953,0.842712,0.824503,-
2,-,0.883049,0.889314,0.89799,0.934791,0.9558,0.968734,0.976792,0.982889,0.98696,0.990236,0.992801,0.994497,0.995995,0.997308,0.998178,0.998893,0.999449,0.999814,0.999882,1,0.999928,0.999848,0.999425,0.998964,0.998296,0.99722,0.996399,0.994735,0.992915,0.990043,0.98704,0.982444,0.976452,0.967535,0.952912,0.926821,0.871665,0.851576,0.833087,-
2.5,0.882298,0.888601,0.894488,0.903576,0.938084,0.957878,0.970226,0.9777,0.983628,0.987415,0.99071,0.992968,0.994788,0.996188,0.997446,0.998513,0.999115,0.99936,0.9997,1.00001,1,1.00003,0.99975,0.99946,0.998853,0.9984,0.997432,0.996182,0.995021,0.993164,0.990516,0.987517,0.983139,0.977296,0.96842,0.95489,0.930343,0.879047,0.859659,0.841974,0.832853
3,0.888284,0.894508,0.899956,0.908533,0.941357,0.959868,0.971345,0.978761,0.984378,0.9881,0.990955,0.993338,0.994815,0.996392,0.997421,0.998608,0.99908,0.999538,0.999631,1.00018,1,1.00002,0.99961,0.99936,0.998845,0.998384,0.997189,0.996326,0.994973,0.993356,0.990744,0.987907,0.983444,0.978228,0.969902,0.957003,0.934183,0.886711,0.868115,0.851081,0.841373
3.5,0.895115,0.899122,0.905236,0.913524,0.943884,0.962202,0.972781,0.979476,0.984592,0.988575,0.991662,0.993484,0.995107,0.996616,0.997245,0.998366,0.998956,0.99968,0.999576,1.00033,1,1.00022,0.999489,0.999311,0.998946,0.99856,0.997523,0.996418,0.99531,0.993564,0.991159,0.988514,0.984088,0.978754,0.970823,0.958848,0.937051,0.893457,0.876047,0.859473,0.85014
4,0.899573,0.904013,0.910118,0.917982,0.946821,0.962867,0.973409,0.980224,0.984941,0.98881,0.991365,0.9936,0.995245,0.996433,0.997414,0.998081,0.998692,0.999128,0.999304,1.00009,1,1.00011,0.999705,0.999116,0.998897,0.998194,0.997603,0.9963,0.99512,0.993457,0.991338,0.988758,0.984504,0.97939,0.971838,0.960047,0.940082,0.899809,0.882026,0.867298,0.857987
4.5,0.90375,0.909363,0.914705,0.922015,0.949275,0.964825,0.97445,0.980848,0.985468,0.988628,0.991554,0.993701,0.995425,0.996816,0.997596,0.998314,0.998816,0.999013,0.999352,1.00008,1,1.00021,0.999707,0.999376,0.998958,0.99836,0.997608,0.996498,0.995414,0.993602,0.991481,0.988994,0.985108,0.980261,0.972586,0.961952,0.942436,0.90493,0.888508,0.874076,0.867203
5,0.908745,0.91352,0.918809,0.925683,0.951398,0.965658,0.9753,0.981475,0.985493,0.988889,0.991511,0.993573,0.995523,0.996555,0.99736,0.998031,0.998902,0.999103,0.999237,0.999568,1,0.999885,0.999592,0.999075,0.998756,0.998324,0.997317,0.996162,0.995231,0.99339,0.991608,0.988867,0.98528,0.980694,0.973201,0.963388,0.944957,0.909414,0.894965,0.881715,0.872526
6,0.922677,0.925139,0.93002,0.935676,0.957347,0.969848,0.977904,0.98305,0.986885,0.989847,0.992404,0.994215,0.995723,0.996843,0.997646,0.998223,0.998789,0.999265,0.999495,0.999734,1,0.999768,0.999506,0.999392,0.998909,0.998047,0.997741,0.99665,0.995761,0.99417,0.992332,0.989997,0.986937,0.982261,0.975904,0.966756,0.951447,0.921147,0.909258,0.897862,0.8901
7,0.9294,0.931919,0.936551,0.941285,0.961031,0.972126,0.979324,0.984309,0.987566,0.990641,0.993094,0.994569,0.996192,0.997108,0.998023,0.998611,0.999405,0.999486,0.999806,1.00011,1,1.00001,0.999695,0.999514,0.999334,0.99845,0.997878,0.997045,0.996214,0.994172,0.992664,0.990549,0.987117,0.98327,0.977376,0.968708,0.955021,0.927841,0.917056,0.9061,0.901164
8,0.935296,0.936581,0.941707,0.946042,0.963226,0.973406,0.980218,0.985008,0.988402,0.990966,0.9932,0.994681,0.996115,0.996823,0.997848,0.998512,0.999061,0.999507,0.999712,0.999961,1,0.999879,0.999548,0.999277,0.999003,0.998445,0.997923,0.99705,0.995802,0.994439,0.993116,0.990798,0.987986,0.984124,0.978491,0.970397,0.958297,0.934343,0.924597,0.915715,0.909509
9,0.941733,0.942505,0.945697,0.950223,0.965852,0.975208,0.981354,0.985659,0.989084,0.991222,0.993456,0.994913,0.996248,0.997154,0.998115,0.998624,0.999168,0.999771,0.99984,1.00007,1,1.00013,0.999716,0.999349,0.999323,0.998605,0.998177,0.996919,0.996436,0.994338,0.993244,0.991244,0.988409,0.984818,0.979681,0.972352,0.961669,0.939636,0.929807,0.922468,0.916729
10,0.948765,0.946588,0.949886,0.953474,0.967882,0.976474,0.98219,0.986313,0.989347,0.991803,0.993267,0.995,0.996306,0.997282,0.997731,0.998819,0.999258,0.999608,0.999628,0.999767,1,0.99992,0.999862,0.999091,0.999173,0.998717,0.998297,0.997248,0.99618,0.99461,0.993207,0.991258,0.988741,0.985215,0.980864,0.974082,0.963506,0.943574,0.936716,0.929175,0.925616
11,0.949322,0.950585,0.953813,0.956873,0.969563,0.977841,0.982966,0.986762,0.989656,0.992032,0.993736,0.994946,0.996313,0.997276,0.99813,0.998851,0.999225,0.99962,0.999749,0.99987,1,0.999933,0.999781,0.999279,0.998978,0.998634,0.998172,0.997265,0.996142,0.994623,0.993281,0.991549,0.98904,0.985959,0.981231,0.975459,0.965168,0.94797,0.94027,0.934619,0.930558
12,0.953218,0.953495,0.956224,0.959198,0.971174,0.97876,0.983341,0.987023,0.989543,0.99188,0.993453,0.994996,0.996356,0.997067,0.997702,0.998622,0.998933,0.999221,0.999619,0.999694,1,0.999646,0.999481,0.998976,0.998919,0.998494,0.997975,0.996957,0.996086,0.994558,0.993415,0.991494,0.989347,0.985884,0.982226,0.976288,0.967194,0.950508,0.94495,0.938473,0.934575
13,0.955957,0.957086,0.958981,0.962036,0.972741,0.979207,0.983986,0.987338,0.989836,0.992321,0.99379,0.995181,0.996381,0.996992,0.99803,0.998688,0.998962,0.999346,0.999624,0.999752,1,0.999791,0.999683,0.999412,0.999003,0.998791,0.997911,0.997053,0.996137,0.994617,0.993501,0.991791,0.989477,0.986452,0.982667,0.977405,0.968389,0.953796,0.948951,0.942648,0.938712
14,0.957927,0.958386,0.961591,0.963256,0.974294,0.980067,0.984777,0.987578,0.990155,0.99234,0.993986,0.995084,0.996578,0.997105,0.99797,0.998652,0.999098,0.999385,0.999617,0.999765,1,0.99997,0.999732,0.999411,0.99908,0.998555,0.997628,0.997178,0.996253,0.99515,0.993689,0.992055,0.98975,0.987,0.98317,0.977862,0.969429,0.957162,0.950898,0.94587,0.942151
15,0.960349,0.961074,0.963122,0.966539,0.974952,0.981232,0.985433,0.988299,0.990763,0.992814,0.994213,0.995602,0.99683,0.997612,0.998143,0.999027,0.999351,0.999535,0.99981,0.999897,1,1.0001,0.999873,0.999668,0.99942,0.998941,0.997969,0.997653,0.996533,0.99526,0.994018,0.992316,0.99003,0.987183,0.983752,0.978746,0.9711,0.959319,0.953644,0.948692,0.944808
16,0.962444,0.963325,0.965056,0.967439,0.976463,0.982143,0.98545,0.988388,0.991157,0.992957,0.994662,0.995762,0.99703,0.997463,0.998485,0.999045,0.999549,0.999763,1.00002,1.00001,1,1.00013,0.999766,0.999688,0.999446,0.998708,0.998105,0.997508,0.996848,0.995221,0.993998,0.992395,0.990631,0.987913,0.984056,0.979738,0.972543,0.960502,0.956423,0.952198,0.94957
17,0.96397,0.964619,0.967183,0.968643,0.977097,0.981637,0.985854,0.988367,0.990695,0.992716,0.99424,0.995446,0.996707,0.997301,0.997923,0.998439,0.999151,0.999466,0.999561,0.999911,1,0.999581,0.999515,0.999514,0.999189,0.998499,0.997802,0.997132,0.996055,0.995057,0.993801,0.991868,0.9902,0.987497,0.984226,0.979559,0.973893,0.961991,0.957917,0.954626,0.951403
18,0.965422,0.967733,0.967548,0.970855,0.978058,0.982751,0.986839,0.989137,0.99166,0.992897,0.99475,0.99572,0.997252,0.997905,0.998862,0.999502,0.999725,0.999877,1.00003,1.00047,1,1.00041,1.0002,1.00026,0.999618,0.998844,0.998209,0.997404,0.996779,0.995508,0.994084,0.992378,0.990753,0.988017,0.984911,0.980486,0.974835,0.964302,0.9594,0.957336,0.954937
19,0.969102,0.966587,0.969106,0.970785,0.978504,0.982862,0.985875,0.988977,0.991043,0.992584,0.994043,0.995579,0.996813,0.997365,0.998093,0.998475,0.999275,0.99919,0.999785,0.999722,1,0.99966,0.999466,0.999275,0.998846,0.99828,0.9976,0.997231,0.996338,0.995195,0.993776,0.992006,0.990428,0.9881,0.984668,0.980085,0.974864,0.965037,0.962377,0.956507,0.953814
20,0.969435,0.97053,0.97074,0.972465,0.979992,0.984036,0.987593,0.989324,0.991682,0.993543,0.994505,0.996236,0.997174,0.997866,0.998568,0.999596,0.999598,0.999856,1.00016,1.00032,1,1.00012,1.00018,0.999786,0.99933,0.99883,0.998604,0.997489,0.996899,0.99592,0.994372,0.992424,0.990706,0.989017,0.985461,0.981106,0.976376,0.967009,0.963486,0.959969,0.957793

r (cm)/ theta(deg),1.25,2.5,3.75,5,10,15,20,25,30,35,40,45,50,55,60,65,70,75,80,85,90,95,100,105,110,115,120,125,130,135,140,145,150,155,160,165,170,175,176.25,177.5,178.75
0.25,-,-,-,-,1.41421,0.000315559,0.000315771,0.000312429,0.000323166,0.000321473,0.000322755,0.000328359,0.000324491,0.000330984,0.000330996,0.000336791,0.000332722,0.000335562,0.000341322,0.000330225,0,0.000335691,0.000333028,0.000341865,0.000334078,0.000334717,0.00033656,0.000337151,0.000337761,0.000334716,0.0003328,0.000322422,0.000333968,0.00032388,0.000310215,0.000307141,1.41332,-,-,-,-
0.5,-,0.00129561,0.00105483,0.000920954,0.00072221,0.000599707,0.000522397,0.00050464,0.000476542,0.000445372,0.000441154,0.000446498,0.000442101,0.000438069,0.000435416,0.000437803,0.000437671,0.000406835,0.000421622,0.000428136,0,0.000416818,0.000421075,0.000416511,0.000418405,0.000435115,0.000412549,0.00044263,0.000438111,0.00044502,0.000441595,0.000452927,0.000467643,0.000495535,0.000516549,0.000601506,0.000711724,0.000967271,1.41421,-,-
0.75,-,0.00194979,0.00165437,0.00141086,0.000966814,0.000813646,0.00068665,0.000663416,0.000603694,0.000571723,0.000544764,0.000538598,0.000528916,0.000518865,0.00050065,0.000503491,0.000490711,0.000489469,0.000504253,0.000494345,0,0.000483581,0.000489159,0.000504952,0.000506123,0.000500897,0.000507478,0.00051499,0.000527186,0.000546953,0.000545115,0.000584735,0.000616178,0.00065469,0.000709495,0.000817889,0.000982862,0.00142846,0.00176736,0.00205488,-
1,-,0.0023963,0.00194754,0.00173749,0.00123598,0.000967876,0.000809541,0.000748791,0.000694675,0.000673825,0.000654687,0.00063342,0.000606703,0.000613229,0.000591454,0.000581467,0.000561533,0.000546596,0.000555339,0.000578524,0,0.000566991,0.000580631,0.000548807,0.000562328,0.000580638,0.000598907,0.000587718,0.000608261,0.000628156,0.000629421,0.000689774,0.000738361,0.000764876,0.000831605,0.000972128,0.00120119,0.00179487,0.00206529,0.00245105,-
1.5,-,0.00132372,0.00132372,0.000943011,0.00064502,0.000510952,0.000468241,0.000431839,0.000397323,0.000362566,0.000335103,0.000335468,0.000330386,0.000318305,0.000309572,0.000293301,0.000305011,0.00028048,0.000294791,0.00029177,0,0.000283229,0.000292577,0.000290815,0.000299483,0.000300142,0.000294731,0.00031686,0.000326184,0.0003316,0.000349218,0.00035018,0.000392007,0.00042773,0.000456142,0.000543402,0.00063887,0.00100387,0.00139511,0.00139511,-
2,-,0.00171924,0.00125099,0.00106798,0.000777469,0.00059403,0.000545932,0.000503596,0.000467134,0.000410773,0.000401329,0.000399169,0.000374714,0.00035991,0.000351568,0.000348814,0.000347188,0.000339864,0.000344724,0.000333146,0,0.0003328,0.000334325,0.000338986,0.000335833,0.000345154,0.000349774,0.000347655,0.000362699,0.000380356,0.000406601,0.00041179,0.000435926,0.0004871,0.000541122,0.000598417,0.000762394,0.00109346,0.00134062,0.00179248,-
2.5,0.00216459,0.00160736,0.00133956,0.00114476,0.00085956,0.000676869,0.000595184,0.000533955,0.000506941,0.000454685,0.000446169,0.000446966,0.000405867,0.000387824,0.000394358,0.00038768,0.000372138,0.000370125,0.000367785,0.000372198,0,0.000366991,0.000365395,0.000373321,0.000369089,0.000394256,0.000375516,0.000383992,0.000411735,0.000423686,0.000450246,0.000467574,0.000483875,0.000522553,0.000569605,0.000676022,0.000806946,0.00122798,0.0013841,0.00160606,0.00221427
3,0.00251084,0.00188829,0.0015467,0.00124711,0.000923537,0.000726104,0.000622303,0.000597726,0.000534517,0.000500844,0.000478248,0.000461222,0.000439064,0.000424514,0.000434347,0.000411059,0.000400712,0.000398319,0.000404616,0.000395211,0,0.000411147,0.000395872,0.000405935,0.00040023,0.000420429,0.000421127,0.00041806,0.000445281,0.000456721,0.000487487,0.00051522,0.000523659,0.000563724,0.000633334,0.000723157,0.000918396,0.00133802,0.00166601,0.00194757,0.00257461
3.5,0.00279688,0.00180159,0.00152604,0.001307,0.000939635,0.000769129,0.000699086,0.00061065,0.000570432,0.000552051,0.000506414,0.000488053,0.000467999,0.000446249,0.000456331,0.000444917,0.000425757,0.000419838,0.000420736,0.00042889,0,0.000431448,0.000420966,0.000421892,0.000430418,0.00044773,0.000447705,0.000456862,0.00048019,0.000483543,0.00049958,0.000543749,0.000575644,0.000603273,0.000695222,0.00077751,0.000958804,0.00137781,0.00165247,0.00179904,0.00304307
4,0.00327846,0.00207019,0.00159544,0.00146269,0.000994378,0.000818756,0.000714958,0.000663887,0.000609214,0.000568517,0.000539061,0.000520804,0.00050731,0.000474324,0.000467615,0.000451856,0.00046392,0.000431112,0.000441683,0.000450967,0,0.00044981,0.000441087,0.000453383,0.000458853,0.000468669,0.000475516,0.000485426,0.000504607,0.000513917,0.000539854,0.000561755,0.000614445,0.000633294,0.000718556,0.000837907,0.00103077,0.00147627,0.00159531,0.00206421,0.00350978
4.5,0.00353792,0.00223104,0.00170867,0.00151445,0.0010409,0.000902971,0.00074887,0.000663048,0.000611587,0.0005909,0.000549271,0.000547907,0.000521296,0.000493495,0.00048456,0.000472062,0.000488377,0.000463423,0.000474378,0.00047478,0,0.000469242,0.000461669,0.000468316,0.000469862,0.000488173,0.000478686,0.00050461,0.000502123,0.000530187,0.000560023,0.000594496,0.000627148,0.000657058,0.000761521,0.000852756,0.00105993,0.00151807,0.00190454,0.00230247,0.00378834
5,0.00301023,0.002192,0.00182768,0.0015097,0.00110853,0.000883486,0.000772548,0.000700777,0.000668275,0.000604651,0.000586014,0.000562139,0.00054685,0.000528905,0.00051138,0.00047192,0.00050816,0.000495324,0.000496587,0.000491568,0,0.00049211,0.000489526,0.000481038,0.00048515,0.000497169,0.000501877,0.000521939,0.000545278,0.000566698,0.000580846,0.000614575,0.000659138,0.000693763,0.000765385,0.000898249,0.00109237,0.00164655,0.00179735,0.00219343,0.0030834
6,0.0023535,0.0017122,0.00148179,0.00117111,0.000836203,0.000674661,0.000595016,0.00055217,0.000501551,0.000462987,0.000449185,0.000435343,0.000425933,0.000401374,0.000399503,0.000392125,0.000378565,0.000369032,0.000379469,0.000372504,0,0.000387667,0.000376841,0.000375973,0.000380217,0.000381437,0.000396248,0.000402451,0.000416933,0.000425975,0.000454289,0.000483165,0.000514654,0.000539659,0.00060173,0.000688573,0.000863548,0.00111104,0.00154777,0.00181213,0.0023767
7,0.00274272,0.00173209,0.00145652,0.00130226,0.000888009,0.000707705,0.000628139,0.0005648,0.000545068,0.000494212,0.000462504,0.000452259,0.00043546,0.000428457,0.000419148,0.000411156,0.000406026,0.000393222,0.000379842,0.000402109,0,0.000395443,0.000399018,0.000393123,0.00041057,0.000410185,0.000413977,0.000420745,0.000456095,0.000469805,0.000477184,0.000496983,0.000535856,0.000561797,0.000643776,0.000763996,0.000904957,0.00118873,0.00143655,0.00167234,0.00271577
8,0.00293653,0.00194854,0.0015252,0.00135254,0.000979642,0.000774099,0.000649366,0.000604203,0.000569123,0.000539236,0.000505927,0.000484559,0.000471712,0.000438752,0.000448699,0.00043382,0.000441209,0.000424614,0.000412827,0.00042977,0,0.000411371,0.000409813,0.000420299,0.000432164,0.000437205,0.000444814,0.00044216,0.000470209,0.000493886,0.000489084,0.000528056,0.000583505,0.000596516,0.000684589,0.000807841,0.000949066,0.00136965,0.00152825,0.00185075,0.00298669
9,0.00341214,0.0020791,0.00168244,0.00140911,0.00100144,0.00081491,0.000732341,0.000642083,0.000595764,0.000567209,0.000525528,0.000528448,0.000492672,0.000466323,0.000477167,0.000454131,0.000457346,0.0004437,0.00044667,0.000464735,0,0.000449737,0.000450549,0.000449728,0.000462057,0.000468462,0.000463617,0.000470573,0.000505142,0.000506732,0.000525799,0.000549637,0.000599838,0.000642236,0.000736064,0.000841597,0.0010216,0.00145858,0.00169306,0.00209891,0.00338115
10,0.00270455,0.00202839,0.00169513,0.00144826,0.00105495,0.000824212,0.000728184,0.000669398,0.000619845,0.000611196,0.000547959,0.00054049,0.000511981,0.000493413,0.000482196,0.000470035,0.000499857,0.000465053,0.000470667,0.000475126,0,0.000462827,0.000469937,0.000457744,0.000483039,0.000476415,0.00049106,0.000498,0.000523125,0.000535986,0.000565221,0.000590221,0.000641035,0.000695095,0.000764006,0.000864508,0.00103039,0.00146435,0.00175594,0.00204524,0.00273131
11,0.00208695,0.00152641,0.00125265,0.0011254,0.000771499,0.000640342,0.000563593,0.00050566,0.000466441,0.000446786,0.000410998,0.000404878,0.000394424,0.000377688,0.000368663,0.000365789,0.000354974,0.000344464,0.00035532,0.000357255,0,0.000347322,0.000361348,0.000359571,0.000358176,0.000361693,0.000377626,0.000376126,0.000382486,0.000405128,0.000430453,0.000458165,0.000465538,0.000527334,0.000564587,0.000647195,0.00077362,0.00110502,0.00128034,0.00153097,0.00205163
12,0.00223963,0.00165294,0.00135512,0.00108669,0.000809846,0.000650699,0.000594565,0.000535813,0.000487728,0.0004767,0.000436892,0.000433008,0.000421017,0.000398582,0.000399352,0.00038484,0.000390463,0.000365191,0.000369843,0.000370228,0,0.000367912,0.000377947,0.000372483,0.000392824,0.000379482,0.000396232,0.000391519,0.000400078,0.000418473,0.000447405,0.000470252,0.000482505,0.00054124,0.000603473,0.000714881,0.000828375,0.0011233,0.00143702,0.00170784,0.00221339
13,0.00242782,0.00172114,0.00132786,0.00125689,0.00087657,0.000704786,0.000610381,0.000559495,0.000527314,0.000484111,0.000474627,0.000458955,0.000438429,0.000419761,0.000404733,0.000396373,0.000393164,0.00039599,0.000392143,0.000383643,0,0.000385783,0.000389726,0.000385552,0.000392853,0.000398409,0.000406702,0.000408532,0.000430045,0.000438184,0.000465613,0.000501963,0.000510199,0.000553274,0.000624837,0.000727494,0.000853449,0.00120972,0.00137084,0.00183954,0.00247722
14,0.00260092,0.00171771,0.00148478,0.00126814,0.000865442,0.00072209,0.000627918,0.000594445,0.000543791,0.000505491,0.000492538,0.000455532,0.000473309,0.00043084,0.000414259,0.000430616,0.00041095,0.000405725,0.000391058,0.00041229,0,0.000407041,0.000402201,0.000419216,0.000411943,0.000405647,0.000426656,0.000434207,0.000446757,0.000470128,0.000485725,0.000508058,0.000543458,0.000584802,0.000646561,0.000747475,0.000878266,0.00125294,0.00147712,0.00166304,0.00273871
15,0.00292918,0.00176482,0.00160337,0.00131477,0.000921546,0.000791076,0.000684164,0.000594192,0.000558853,0.000543682,0.000502849,0.000486244,0.000461529,0.000450316,0.000444762,0.000431959,0.000431214,0.000429474,0.000413935,0.000432087,0,0.00042788,0.000431762,0.000421155,0.000427584,0.000426861,0.000445584,0.000439186,0.000465449,0.000497322,0.000510051,0.000519969,0.0005676,0.000605962,0.000658767,0.000764908,0.000890396,0.00133931,0.00160801,0.00181563,0.0027975
16,0.0030276,0.00197478,0.00153958,0.0013973,0.00100093,0.000817317,0.000690257,0.000642558,0.00058796,0.000547303,0.000536757,0.000510484,0.000488119,0.00046048,0.000458681,0.000450829,0.000430657,0.000435761,0.000435513,0.000435453,0,0.000453953,0.000437655,0.00044836,0.000435383,0.000450678,0.000464072,0.000465642,0.000487627,0.000514609,0.000539221,0.000540907,0.000604665,0.000619619,0.000696465,0.000797722,0.000989326,0.00137615,0.0015204,0.00195667,0.00313035
17,0.00338988,0.00211847,0.00167487,0.00144287,0.00104421,0.000873089,0.000739732,0.000688879,0.000623009,0.00057244,0.000572627,0.000545838,0.000517991,0.000495148,0.000481087,0.000473264,0.000468757,0.000472547,0.000466935,0.000461215,0,0.000470339,0.000462923,0.00047875,0.000474605,0.000492198,0.000492078,0.000482677,0.00051825,0.000535929,0.000559186,0.00060062,0.000604454,0.000670142,0.000756222,0.000895585,0.00103168,0.0014469,0.001672,0.00221883,0.00335331
18,0.0036058,0.00226474,0.00179974,0.00151426,0.00107344,0.000890049,0.000771755,0.000700227,0.000643367,0.00062717,0.000569212,0.000546613,0.000551864,0.000515274,0.00050221,0.000507917,0.000492726,0.000490296,0.00050076,0.000488388,0,0.000485108,0.000490038,0.000511562,0.000496686,0.000493145,0.000513506,0.00052131,0.000526869,0.000565318,0.000572024,0.000615231,0.000652549,0.000703159,0.000788734,0.000874129,0.00107619,0.00156059,0.0017372,0.00223132,0.00344533
19,0.00287893,0.00214737,0.00183579,0.00152969,0.0011563,0.000925989,0.000827991,0.000740589,0.000665908,0.000630684,0.000610568,0.000583576,0.000566691,0.000532784,0.00050747,0.000533554,0.000528474,0.000505014,0.00050403,0.000515168,0,0.00051332,0.000498102,0.000529453,0.000519109,0.000513104,0.000522562,0.000567462,0.000560653,0.000583111,0.000602019,0.000647231,0.0006866,0.000745927,0.000822453,0.000975255,0.0010804,0.00158759,0.00172902,0.00208243,0.00288081
20,0.00295909,0.00225415,0.00196427,0.00166703,0.00118049,0.000978747,0.000853062,0.000794959,0.000703237,0.000669053,0.000629668,0.000619769,0.000593849,0.00056867,0.00056342,0.000544316,0.000540633,0.00054019,0.000542959,0.000539869,0,0.000546027,0.000526475,0.000538945,0.000537561,0.000553728,0.000564597,0.000580511,0.000598762,0.000603107,0.000629547,0.000679201,0.000729683,0.000785168,0.000845752,0.000987728,0.00117627,0.00167992,0.00184412,0.00233565,0.00311093
